strategy,strategy_label,symbol,contribution_interval,start,end,initial_value_usd,gross_buys_usd,gross_sells_usd,net_buys_usd,withdrawn_dai_usd,ending_dai_usd,ending_btc_units,ending_eth_units,ending_value_usd,realized_value_usd,return_pct,turnover_pct,max_drawdown_pct,trade_count
budgeted_static_50_50_rebalance,"budgeted_static_50_50_rebalance(cash_weight=0.20,rebalance_fraction=0.50,buy_budget_fraction=0.60,sell_budget_fraction=0.35)",BTC-USD+ETH-USD+DAI,7d,2020-01-01,2026-04-29,15000.00,77708.40,99469.07,-21760.67,0.00,36760.67,0.65788490,20.00740167,131651.02,131651.02,777.67,1181.18,64.76,662
budgeted_drawdown_tilt_rebalance,"budgeted_drawdown_tilt_rebalance(drawdown_window_days=365,deep_drawdown=0.50,medium_drawdown=0.25,deep_buy_budget_fraction=1.00,bull_sell_budget_fraction=0.30)",BTC-USD+ETH-USD+DAI,7d,2020-01-01,2026-04-29,15000.00,88475.00,124902.10,-36427.10,0.00,51427.10,0.49438573,15.86634128,124606.86,124606.86,730.71,1422.51,59.16,584
budgeted_btc_defensive_eth_aggressive,"budgeted_btc_defensive_eth_aggressive(ma_window_days=200,return_window_days=84,weak_buy_budget_fraction=0.90,strong_buy_budget_fraction=0.65,sell_budget_fraction=0.20)",BTC-USD+ETH-USD+DAI,7d,2020-01-01,2026-04-29,15000.00,56100.63,67409.38,-11308.75,0.00,26308.75,0.86033568,19.95621256,136420.05,136420.05,809.47,823.40,73.19,361
static_50_50_rebalance,"static_50_50_rebalance(cash_weight=0.20,rebalance_fraction=0.50)",BTC-USD+ETH-USD+DAI,7d,2020-01-01,2026-04-29,15000.00,245058.98,263994.39,-18935.41,0.00,33935.41,0.89829424,29.69958865,168862.81,168862.81,1025.75,3393.69,65.46,662
target_50_50_with_cash_band,"target_50_50_with_cash_band(ma_window_days=200,drawdown_window_days=365,bear_cash_weight=0.10,neutral_cash_weight=0.30,bull_cash_weight=0.60)",BTC-USD+ETH-USD+DAI,7d,2020-01-01,2026-04-29,15000.00,445363.76,439418.08,5945.68,0.00,9054.32,0.53922013,17.82779904,90047.33,90047.33,500.32,5898.55,66.41,662
narrow_cash_band_rebalance,"narrow_cash_band_rebalance(ma_window_days=200,drawdown_window_days=365,bear_cash_weight=0.10,neutral_cash_weight=0.20,bull_cash_weight=0.35)",BTC-USD+ETH-USD+DAI,7d,2020-01-01,2026-04-29,15000.00,418760.47,417554.94,1205.53,0.00,13794.47,0.82726509,27.25169036,137828.90,137828.90,818.86,5575.44,68.54,662
drawdown_tilt_rebalance,"drawdown_tilt_rebalance(drawdown_window_days=365,deep_drawdown=0.50,medium_drawdown=0.25,deep_bear_cash_weight=0.05,bull_cash_weight=0.40)",BTC-USD+ETH-USD+DAI,7d,2020-01-01,2026-04-29,15000.00,522415.05,514654.37,7760.69,0.00,7239.31,0.79226658,34.05861941,143950.69,143950.69,859.67,6913.80,68.53,662
btc_defensive_eth_aggressive,"btc_defensive_eth_aggressive(ma_window_days=200,return_window_days=84,weak_cash_weight=0.25,neutral_cash_weight=0.15,strong_cash_weight=0.10)",BTC-USD+ETH-USD+DAI,7d,2020-01-01,2026-04-29,15000.00,448705.22,477512.56,-28807.34,0.00,43807.34,1.05106227,23.08360168,175409.15,175409.15,1069.39,6174.79,65.41,662
budgeted_static_50_50_rebalance,"budgeted_static_50_50_rebalance(cash_weight=0.20,rebalance_fraction=0.50,buy_budget_fraction=0.60,sell_budget_fraction=0.35)",BTC-USD+ETH-USD+DAI,7d,2020-04-01,2026-04-29,15000.00,72332.23,84693.75,-12361.53,0.00,27361.53,0.54379267,16.51068466,105734.97,105734.97,604.90,1046.84,65.90,636
budgeted_drawdown_tilt_rebalance,"budgeted_drawdown_tilt_rebalance(drawdown_window_days=365,deep_drawdown=0.50,medium_drawdown=0.25,deep_buy_budget_fraction=1.00,bull_sell_budget_fraction=0.30)",BTC-USD+ETH-USD+DAI,7d,2020-04-01,2026-04-29,15000.00,79914.03,102607.35,-22693.32,0.00,37693.32,0.39840909,13.43390893,98125.10,98125.10,554.17,1216.81,62.61,529
budgeted_btc_defensive_eth_aggressive,"budgeted_btc_defensive_eth_aggressive(ma_window_days=200,return_window_days=84,weak_buy_budget_fraction=0.90,strong_buy_budget_fraction=0.65,sell_budget_fraction=0.20)",BTC-USD+ETH-USD+DAI,7d,2020-04-01,2026-04-29,15000.00,47157.58,48171.69,-1014.11,0.00,16014.11,0.63207923,15.28668766,98319.26,98319.26,555.46,635.53,73.81,338
static_50_50_rebalance,"static_50_50_rebalance(cash_weight=0.20,rebalance_fraction=0.50)",BTC-USD+ETH-USD+DAI,7d,2020-04-01,2026-04-29,15000.00,236783.27,254890.26,-18106.99,0.00,33106.99,0.87636522,28.97456682,164740.55,164740.55,998.27,3277.82,65.46,636
target_50_50_with_cash_band,"target_50_50_with_cash_band(ma_window_days=200,drawdown_window_days=365,bear_cash_weight=0.10,neutral_cash_weight=0.30,bull_cash_weight=0.60)",BTC-USD+ETH-USD+DAI,7d,2020-04-01,2026-04-29,15000.00,428943.56,422705.86,6237.69,0.00,8762.31,0.52182959,17.25282957,87143.18,87143.18,480.95,5677.66,66.41,636
narrow_cash_band_rebalance,"narrow_cash_band_rebalance(ma_window_days=200,drawdown_window_days=365,bear_cash_weight=0.10,neutral_cash_weight=0.20,bull_cash_weight=0.35)",BTC-USD+ETH-USD+DAI,7d,2020-04-01,2026-04-29,15000.00,408410.52,406928.63,1481.89,0.00,13518.11,0.81069139,26.70572080,135067.59,135067.59,800.45,5435.59,68.54,636
drawdown_tilt_rebalance,"drawdown_tilt_rebalance(drawdown_window_days=365,deep_drawdown=0.50,medium_drawdown=0.25,deep_bear_cash_weight=0.05,bull_cash_weight=0.40)",BTC-USD+ETH-USD+DAI,7d,2020-04-01,2026-04-29,15000.00,506470.09,498516.91,7953.18,0.00,7046.82,0.77120010,33.15299587,140123.02,140123.02,834.15,6699.91,68.53,636
btc_defensive_eth_aggressive,"btc_defensive_eth_aggressive(ma_window_days=200,return_window_days=84,weak_cash_weight=0.25,neutral_cash_weight=0.15,strong_cash_weight=0.10)",BTC-USD+ETH-USD+DAI,7d,2020-04-01,2026-04-29,15000.00,440019.06,468176.35,-28157.29,0.00,43157.29,1.03546565,22.74106616,172806.27,172806.27,1052.04,6054.64,65.41,636
budgeted_static_50_50_rebalance,"budgeted_static_50_50_rebalance(cash_weight=0.20,rebalance_fraction=0.50,buy_budget_fraction=0.60,sell_budget_fraction=0.35)",BTC-USD+ETH-USD+DAI,7d,2020-07-01,2026-04-29,15000.00,61648.62,61896.13,-247.51,0.00,15247.51,0.38757540,12.21687198,72118.02,72118.02,380.79,823.63,66.18,610
budgeted_drawdown_tilt_rebalance,"budgeted_drawdown_tilt_rebalance(drawdown_window_days=365,deep_drawdown=0.50,medium_drawdown=0.25,deep_buy_budget_fraction=1.00,bull_sell_budget_fraction=0.30)",BTC-USD+ETH-USD+DAI,7d,2020-07-01,2026-04-29,15000.00,63464.77,64103.76,-638.99,0.00,15638.99,0.24722937,9.18576414,55052.29,55052.29,267.02,850.46,67.72,423
budgeted_btc_defensive_eth_aggressive,"budgeted_btc_defensive_eth_aggressive(ma_window_days=200,return_window_days=84,weak_buy_budget_fraction=0.90,strong_buy_budget_fraction=0.65,sell_budget_fraction=0.20)",BTC-USD+ETH-USD+DAI,7d,2020-07-01,2026-04-29,15000.00,37575.29,31082.83,6492.47,0.00,8507.53,0.39916809,9.94208473,61133.75,61133.75,307.56,457.72,74.82,308
static_50_50_rebalance,"static_50_50_rebalance(cash_weight=0.20,rebalance_fraction=0.50)",BTC-USD+ETH-USD+DAI,7d,2020-07-01,2026-04-29,15000.00,174764.64,183824.06,-9059.42,0.00,24059.42,0.63686975,21.05631862,119719.81,119719.81,698.13,2390.59,65.46,610
target_50_50_with_cash_band,"target_50_50_with_cash_band(ma_window_days=200,drawdown_window_days=365,bear_cash_weight=0.10,neutral_cash_weight=0.30,bull_cash_weight=0.60)",BTC-USD+ETH-USD+DAI,7d,2020-07-01,2026-04-29,15000.00,324705.31,316308.96,8396.35,0.00,6603.65,0.39327335,13.00247861,65674.87,65674.87,337.83,4273.43,66.41,610
narrow_cash_band_rebalance,"narrow_cash_band_rebalance(ma_window_days=200,drawdown_window_days=365,bear_cash_weight=0.10,neutral_cash_weight=0.20,bull_cash_weight=0.35)",BTC-USD+ETH-USD+DAI,7d,2020-07-01,2026-04-29,15000.00,299107.31,293965.37,5141.94,0.00,9858.06,0.59119530,19.47510109,98497.81,98497.81,556.65,3953.82,68.54,610
drawdown_tilt_rebalance,"drawdown_tilt_rebalance(drawdown_window_days=365,deep_drawdown=0.50,medium_drawdown=0.25,deep_bear_cash_weight=0.05,bull_cash_weight=0.40)",BTC-USD+ETH-USD+DAI,7d,2020-07-01,2026-04-29,15000.00,376833.27,367057.79,9775.47,0.00,5224.53,0.57176945,24.57970423,103887.52,103887.52,592.58,4959.27,68.53,610
btc_defensive_eth_aggressive,"btc_defensive_eth_aggressive(ma_window_days=200,return_window_days=84,weak_cash_weight=0.25,neutral_cash_weight=0.15,strong_cash_weight=0.10)",BTC-USD+ETH-USD+DAI,7d,2020-07-01,2026-04-29,15000.00,318172.43,334102.60,-15930.17,0.00,30930.17,0.74210233,16.29817277,123847.60,123847.60,725.65,4348.50,65.41,610
budgeted_static_50_50_rebalance,"budgeted_static_50_50_rebalance(cash_weight=0.20,rebalance_fraction=0.50,buy_budget_fraction=0.60,sell_budget_fraction=0.35)",BTC-USD+ETH-USD+DAI,7d,2020-10-01,2026-04-30,15000.00,44981.08,38451.22,6529.86,0.00,8470.14,0.23542281,7.77942305,43990.86,43990.86,193.27,556.22,64.80,584
budgeted_drawdown_tilt_rebalance,"budgeted_drawdown_tilt_rebalance(drawdown_window_days=365,deep_drawdown=0.50,medium_drawdown=0.25,deep_buy_budget_fraction=1.00,bull_sell_budget_fraction=0.30)",BTC-USD+ETH-USD+DAI,7d,2020-10-01,2026-04-30,15000.00,52296.57,42723.42,9573.15,0.00,5426.85,0.18534901,7.28498233,36010.79,36010.79,140.07,633.47,67.83,380
budgeted_btc_defensive_eth_aggressive,"budgeted_btc_defensive_eth_aggressive(ma_window_days=200,return_window_days=84,weak_buy_budget_fraction=0.90,strong_buy_budget_fraction=0.65,sell_budget_fraction=0.20)",BTC-USD+ETH-USD+DAI,7d,2020-10-01,2026-04-30,15000.00,27068.99,16637.11,10431.88,0.00,4568.12,0.23404289,5.83754231,35601.11,35601.11,137.34,291.37,74.14,244
static_50_50_rebalance,"static_50_50_rebalance(cash_weight=0.20,rebalance_fraction=0.50)",BTC-USD+ETH-USD+DAI,7d,2020-10-01,2026-04-30,15000.00,132454.79,136025.87,-3571.08,0.00,18571.08,0.48975585,16.35912371,92861.55,92861.55,519.08,1789.87,64.05,584
target_50_50_with_cash_band,"target_50_50_with_cash_band(ma_window_days=200,drawdown_window_days=365,bear_cash_weight=0.10,neutral_cash_weight=0.30,bull_cash_weight=0.60)",BTC-USD+ETH-USD+DAI,7d,2020-10-01,2026-04-30,15000.00,281945.31,272540.74,9404.57,0.00,5595.43,0.33198141,11.08916782,55953.56,55953.56,273.02,3696.57,63.90,584
narrow_cash_band_rebalance,"narrow_cash_band_rebalance(ma_window_days=200,drawdown_window_days=365,bear_cash_weight=0.10,neutral_cash_weight=0.20,bull_cash_weight=0.35)",BTC-USD+ETH-USD+DAI,7d,2020-10-01,2026-04-30,15000.00,248396.99,241264.92,7132.06,0.00,7867.94,0.47088157,15.67998246,79185.51,79185.51,427.90,3264.41,66.81,584
drawdown_tilt_rebalance,"drawdown_tilt_rebalance(drawdown_window_days=365,deep_drawdown=0.50,medium_drawdown=0.25,deep_bear_cash_weight=0.05,bull_cash_weight=0.40)",BTC-USD+ETH-USD+DAI,7d,2020-10-01,2026-04-30,15000.00,294335.03,283435.80,10899.22,0.00,4100.78,0.44464433,19.53290367,82111.57,82111.57,447.41,3851.81,66.16,584
btc_defensive_eth_aggressive,"btc_defensive_eth_aggressive(ma_window_days=200,return_window_days=84,weak_cash_weight=0.25,neutral_cash_weight=0.15,strong_cash_weight=0.10)",BTC-USD+ETH-USD+DAI,7d,2020-10-01,2026-04-30,15000.00,275249.98,285653.40,-10403.42,0.00,25403.42,0.60828389,13.50381431,102294.40,102294.40,581.96,3739.36,63.66,584
budgeted_static_50_50_rebalance,"budgeted_static_50_50_rebalance(cash_weight=0.20,rebalance_fraction=0.50,buy_budget_fraction=0.60,sell_budget_fraction=0.35)",BTC-USD+ETH-USD+DAI,7d,2021-01-01,2026-05-01,15000.00,30566.58,20289.89,10276.69,0.00,4723.31,0.13116888,4.36146285,24997.09,24997.09,66.65,339.04,64.94,558
budgeted_drawdown_tilt_rebalance,"budgeted_drawdown_tilt_rebalance(drawdown_window_days=365,deep_drawdown=0.50,medium_drawdown=0.25,deep_buy_budget_fraction=1.00,bull_sell_budget_fraction=0.30)",BTC-USD+ETH-USD+DAI,7d,2021-01-01,2026-05-01,15000.00,44936.14,31150.82,13785.32,0.00,1214.68,0.14056352,6.07498107,26156.89,26156.89,74.38,507.25,68.05,358
budgeted_btc_defensive_eth_aggressive,"budgeted_btc_defensive_eth_aggressive(ma_window_days=200,return_window_days=84,weak_buy_budget_fraction=0.90,strong_buy_budget_fraction=0.65,sell_budget_fraction=0.20)",BTC-USD+ETH-USD+DAI,7d,2021-01-01,2026-05-01,15000.00,21665.55,9396.02,12269.53,0.00,2730.47,0.14527190,3.78444927,22783.03,22783.03,51.89,207.08,73.73,234
static_50_50_rebalance,"static_50_50_rebalance(cash_weight=0.20,rebalance_fraction=0.50)",BTC-USD+ETH-USD+DAI,7d,2021-01-01,2026-05-01,15000.00,63579.83,56717.81,6862.02,0.00,8137.98,0.21171877,7.08602499,40967.85,40967.85,173.12,801.98,64.31,558
target_50_50_with_cash_band,"target_50_50_with_cash_band(ma_window_days=200,drawdown_window_days=365,bear_cash_weight=0.10,neutral_cash_weight=0.30,bull_cash_weight=0.60)",BTC-USD+ETH-USD+DAI,7d,2021-01-01,2026-05-01,15000.00,167357.21,155868.47,11488.74,0.00,3511.26,0.20551226,6.87835218,35378.85,35378.85,135.86,2154.84,64.50,558
narrow_cash_band_rebalance,"narrow_cash_band_rebalance(ma_window_days=200,drawdown_window_days=365,bear_cash_weight=0.10,neutral_cash_weight=0.20,bull_cash_weight=0.35)",BTC-USD+ETH-USD+DAI,7d,2021-01-01,2026-05-01,15000.00,121774.05,110536.37,11237.69,0.00,3762.31,0.22254955,7.41881442,38203.45,38203.45,154.69,1548.74,66.82,558
drawdown_tilt_rebalance,"drawdown_tilt_rebalance(drawdown_window_days=365,deep_drawdown=0.50,medium_drawdown=0.25,deep_bear_cash_weight=0.05,bull_cash_weight=0.40)",BTC-USD+ETH-USD+DAI,7d,2021-01-01,2026-05-01,15000.00,146691.49,134284.92,12406.58,0.00,2593.42,0.21295001,9.42791111,40895.51,40895.51,172.64,1873.18,66.45,558
btc_defensive_eth_aggressive,"btc_defensive_eth_aggressive(ma_window_days=200,return_window_days=84,weak_cash_weight=0.25,neutral_cash_weight=0.15,strong_cash_weight=0.10)",BTC-USD+ETH-USD+DAI,7d,2021-01-01,2026-05-01,15000.00,109695.18,104641.09,5054.09,0.00,9945.91,0.23539889,5.23164846,40371.58,40371.58,169.14,1428.91,64.04,558
budgeted_static_50_50_rebalance,"budgeted_static_50_50_rebalance(cash_weight=0.20,rebalance_fraction=0.50,buy_budget_fraction=0.60,sell_budget_fraction=0.35)",BTC-USD+ETH-USD+DAI,7d,2021-04-01,2026-04-30,15000.00,26679.42,15539.05,11140.37,0.00,3859.63,0.10755595,3.56419098,20110.44,20110.44,34.07,281.46,64.14,532
budgeted_drawdown_tilt_rebalance,"budgeted_drawdown_tilt_rebalance(drawdown_window_days=365,deep_drawdown=0.50,medium_drawdown=0.25,deep_buy_budget_fraction=1.00,bull_sell_budget_fraction=0.30)",BTC-USD+ETH-USD+DAI,7d,2021-04-01,2026-04-30,15000.00,42551.07,28419.71,14131.36,0.00,868.64,0.13398138,5.66604339,23879.32,23879.32,59.20,473.14,67.54,353
budgeted_btc_defensive_eth_aggressive,"budgeted_btc_defensive_eth_aggressive(ma_window_days=200,return_window_days=84,weak_buy_budget_fraction=0.90,strong_buy_budget_fraction=0.65,sell_budget_fraction=0.20)",BTC-USD+ETH-USD+DAI,7d,2021-04-01,2026-04-30,15000.00,20217.27,7490.22,12727.05,0.00,2272.95,0.13038221,3.26245093,19584.56,19584.56,30.56,184.72,70.38,228
static_50_50_rebalance,"static_50_50_rebalance(cash_weight=0.20,rebalance_fraction=0.50)",BTC-USD+ETH-USD+DAI,7d,2021-04-01,2026-04-30,15000.00,38304.74,27692.47,10612.27,0.00,4387.73,0.11571309,3.86511910,21940.11,21940.11,46.27,439.98,64.05,532
target_50_50_with_cash_band,"target_50_50_with_cash_band(ma_window_days=200,drawdown_window_days=365,bear_cash_weight=0.10,neutral_cash_weight=0.30,bull_cash_weight=0.60)",BTC-USD+ETH-USD+DAI,7d,2021-04-01,2026-04-30,15000.00,106183.51,93351.76,12831.76,0.00,2168.24,0.12864376,4.29708478,21682.17,21682.17,44.55,1330.24,63.90,532
narrow_cash_band_rebalance,"narrow_cash_band_rebalance(ma_window_days=200,drawdown_window_days=365,bear_cash_weight=0.10,neutral_cash_weight=0.20,bull_cash_weight=0.35)",BTC-USD+ETH-USD+DAI,7d,2021-04-01,2026-04-30,15000.00,71496.22,58633.08,12863.14,0.00,2136.86,0.12788693,4.25853336,21506.03,21506.03,43.37,867.53,66.81,532
drawdown_tilt_rebalance,"drawdown_tilt_rebalance(drawdown_window_days=365,deep_drawdown=0.50,medium_drawdown=0.25,deep_bear_cash_weight=0.05,bull_cash_weight=0.40)",BTC-USD+ETH-USD+DAI,7d,2021-04-01,2026-04-30,15000.00,87451.83,73640.55,13811.28,0.00,1188.72,0.12889228,5.66214452,23802.28,23802.28,58.68,1073.95,66.16,532
btc_defensive_eth_aggressive,"btc_defensive_eth_aggressive(ma_window_days=200,return_window_days=84,weak_cash_weight=0.25,neutral_cash_weight=0.15,strong_cash_weight=0.10)",BTC-USD+ETH-USD+DAI,7d,2021-04-01,2026-04-30,15000.00,65296.81,55855.22,9441.58,0.00,5558.42,0.13309608,2.95471378,22382.62,22382.62,49.22,807.68,63.66,532
budgeted_static_50_50_rebalance,"budgeted_static_50_50_rebalance(cash_weight=0.20,rebalance_fraction=0.50,buy_budget_fraction=0.60,sell_budget_fraction=0.35)",BTC-USD+ETH-USD+DAI,7d,2021-07-01,2026-04-30,15000.00,25866.21,14652.60,11213.61,0.00,3786.39,0.10551681,3.49671500,19729.32,19729.32,31.53,270.13,59.95,506
budgeted_drawdown_tilt_rebalance,"budgeted_drawdown_tilt_rebalance(drawdown_window_days=365,deep_drawdown=0.50,medium_drawdown=0.25,deep_buy_budget_fraction=1.00,bull_sell_budget_fraction=0.30)",BTC-USD+ETH-USD+DAI,7d,2021-07-01,2026-04-30,15000.00,40814.96,26639.49,14175.47,0.00,824.53,0.13080661,5.53771361,23303.34,23303.34,55.36,449.70,64.47,330
budgeted_btc_defensive_eth_aggressive,"budgeted_btc_defensive_eth_aggressive(ma_window_days=200,return_window_days=84,weak_buy_budget_fraction=0.90,strong_buy_budget_fraction=0.65,sell_budget_fraction=0.20)",BTC-USD+ETH-USD+DAI,7d,2021-07-01,2026-04-30,15000.00,19877.87,7473.53,12404.34,0.00,2595.66,0.14548303,3.63498687,21900.29,21900.29,46.00,182.34,59.94,238
static_50_50_rebalance,"static_50_50_rebalance(cash_weight=0.20,rebalance_fraction=0.50)",BTC-USD+ETH-USD+DAI,7d,2021-07-01,2026-04-30,15000.00,40797.50,31105.74,9691.77,0.00,5308.23,0.13998855,4.67598294,26542.93,26542.93,76.95,479.35,64.05,506
target_50_50_with_cash_band,"target_50_50_with_cash_band(ma_window_days=200,drawdown_window_days=365,bear_cash_weight=0.10,neutral_cash_weight=0.30,bull_cash_weight=0.60)",BTC-USD+ETH-USD+DAI,7d,2021-07-01,2026-04-30,15000.00,121688.24,109276.89,12411.35,0.00,2588.65,0.15358690,5.13025978,25886.19,25886.19,72.57,1539.77,63.90,506
narrow_cash_band_rebalance,"narrow_cash_band_rebalance(ma_window_days=200,drawdown_window_days=365,bear_cash_weight=0.10,neutral_cash_weight=0.20,bull_cash_weight=0.35)",BTC-USD+ETH-USD+DAI,7d,2021-07-01,2026-04-30,15000.00,80478.87,68052.36,12426.51,0.00,2573.49,0.15401877,5.12870286,25900.47,25900.47,72.67,990.21,66.81,506
drawdown_tilt_rebalance,"drawdown_tilt_rebalance(drawdown_window_days=365,deep_drawdown=0.50,medium_drawdown=0.25,deep_bear_cash_weight=0.05,bull_cash_weight=0.40)",BTC-USD+ETH-USD+DAI,7d,2021-07-01,2026-04-30,15000.00,101340.58,87800.63,13539.95,0.00,1460.05,0.15831247,6.95455229,29235.24,29235.24,94.90,1260.94,66.16,506
btc_defensive_eth_aggressive,"btc_defensive_eth_aggressive(ma_window_days=200,return_window_days=84,weak_cash_weight=0.25,neutral_cash_weight=0.15,strong_cash_weight=0.10)",BTC-USD+ETH-USD+DAI,7d,2021-07-01,2026-04-30,15000.00,70310.50,62032.34,8278.16,0.00,6721.84,0.16095424,3.57316072,27067.49,27067.49,80.45,882.29,63.66,506
budgeted_static_50_50_rebalance,"budgeted_static_50_50_rebalance(cash_weight=0.20,rebalance_fraction=0.50,buy_budget_fraction=0.60,sell_budget_fraction=0.35)",BTC-USD+ETH-USD+DAI,7d,2021-10-01,2026-05-01,15000.00,26510.40,15765.34,10745.06,0.00,4254.94,0.11821692,3.93118956,22527.74,22527.74,50.18,281.84,47.53,480
budgeted_drawdown_tilt_rebalance,"budgeted_drawdown_tilt_rebalance(drawdown_window_days=365,deep_drawdown=0.50,medium_drawdown=0.25,deep_buy_budget_fraction=1.00,bull_sell_budget_fraction=0.30)",BTC-USD+ETH-USD+DAI,7d,2021-10-01,2026-05-01,15000.00,44501.62,31572.45,12929.17,0.00,2070.83,0.14851433,6.43736641,28466.94,28466.94,89.78,507.16,49.98,325
budgeted_btc_defensive_eth_aggressive,"budgeted_btc_defensive_eth_aggressive(ma_window_days=200,return_window_days=84,weak_buy_budget_fraction=0.90,strong_buy_budget_fraction=0.65,sell_budget_fraction=0.20)",BTC-USD+ETH-USD+DAI,7d,2021-10-01,2026-05-01,15000.00,19668.25,7335.71,12332.55,0.00,2667.45,0.14218757,3.70487363,22296.05,22296.05,48.64,180.03,52.45,235
static_50_50_rebalance,"static_50_50_rebalance(cash_weight=0.20,rebalance_fraction=0.50)",BTC-USD+ETH-USD+DAI,7d,2021-10-01,2026-05-01,15000.00,30370.39,18946.18,11424.21,0.00,3575.79,0.09302824,3.11356643,18001.08,18001.08,20.01,328.78,64.28,480
target_50_50_with_cash_band,"target_50_50_with_cash_band(ma_window_days=200,drawdown_window_days=365,bear_cash_weight=0.10,neutral_cash_weight=0.30,bull_cash_weight=0.60)",BTC-USD+ETH-USD+DAI,7d,2021-10-01,2026-05-01,15000.00,74443.87,61187.55,13256.32,0.00,1743.68,0.10205691,3.41577347,17569.05,17569.05,17.13,904.21,64.47,480
narrow_cash_band_rebalance,"narrow_cash_band_rebalance(ma_window_days=200,drawdown_window_days=365,bear_cash_weight=0.10,neutral_cash_weight=0.20,bull_cash_weight=0.35)",BTC-USD+ETH-USD+DAI,7d,2021-10-01,2026-05-01,15000.00,53481.48,40200.63,13280.85,0.00,1719.15,0.10169153,3.38994419,17456.64,17456.64,16.38,624.55,66.71,480
drawdown_tilt_rebalance,"drawdown_tilt_rebalance(drawdown_window_days=365,deep_drawdown=0.50,medium_drawdown=0.25,deep_bear_cash_weight=0.05,bull_cash_weight=0.40)",BTC-USD+ETH-USD+DAI,7d,2021-10-01,2026-05-01,15000.00,61568.83,47736.78,13832.05,0.00,1167.95,0.09590223,4.24586849,18417.33,18417.33,22.78,728.70,66.39,480
btc_defensive_eth_aggressive,"btc_defensive_eth_aggressive(ma_window_days=200,return_window_days=84,weak_cash_weight=0.25,neutral_cash_weight=0.15,strong_cash_weight=0.10)",BTC-USD+ETH-USD+DAI,7d,2021-10-01,2026-05-01,15000.00,44050.88,33539.89,10510.99,0.00,4489.01,0.10624542,2.36126308,18221.39,18221.39,21.48,517.27,63.92,480
budgeted_static_50_50_rebalance,"budgeted_static_50_50_rebalance(cash_weight=0.20,rebalance_fraction=0.50,buy_budget_fraction=0.60,sell_budget_fraction=0.35)",BTC-USD+ETH-USD+DAI,7d,2022-01-01,2026-05-02,15000.00,28583.72,18902.25,9681.47,0.00,5318.53,0.14788878,4.89549273,28297.08,28297.08,88.65,316.57,43.18,454
budgeted_drawdown_tilt_rebalance,"budgeted_drawdown_tilt_rebalance(drawdown_window_days=365,deep_drawdown=0.50,medium_drawdown=0.25,deep_buy_budget_fraction=1.00,bull_sell_budget_fraction=0.30)",BTC-USD+ETH-USD+DAI,7d,2022-01-01,2026-05-02,15000.00,46062.18,32976.29,13085.90,0.00,1914.10,0.16528395,6.96991364,31067.55,31067.55,107.12,526.92,44.70,330
budgeted_btc_defensive_eth_aggressive,"budgeted_btc_defensive_eth_aggressive(ma_window_days=200,return_window_days=84,weak_buy_budget_fraction=0.90,strong_buy_budget_fraction=0.65,sell_budget_fraction=0.20)",BTC-USD+ETH-USD+DAI,7d,2022-01-01,2026-05-02,15000.00,20639.08,8279.62,12359.46,0.00,2640.54,0.17702492,4.29679459,26524.47,26524.47,76.83,192.79,47.28,210
static_50_50_rebalance,"static_50_50_rebalance(cash_weight=0.20,rebalance_fraction=0.50)",BTC-USD+ETH-USD+DAI,7d,2022-01-01,2026-05-02,15000.00,31254.02,20157.53,11096.48,0.00,3903.52,0.10142591,3.39017808,19738.61,19738.61,31.59,342.74,55.77,454
target_50_50_with_cash_band,"target_50_50_with_cash_band(ma_window_days=200,drawdown_window_days=365,bear_cash_weight=0.10,neutral_cash_weight=0.30,bull_cash_weight=0.60)",BTC-USD+ETH-USD+DAI,7d,2022-01-01,2026-05-02,15000.00,75022.74,61866.07,13156.66,0.00,1843.34,0.10775237,3.60174097,18666.38,18666.38,24.44,912.59,60.70,454
narrow_cash_band_rebalance,"narrow_cash_band_rebalance(ma_window_days=200,drawdown_window_days=365,bear_cash_weight=0.10,neutral_cash_weight=0.20,bull_cash_weight=0.35)",BTC-USD+ETH-USD+DAI,7d,2022-01-01,2026-05-02,15000.00,55391.85,42306.32,13085.53,0.00,1914.47,0.11322358,3.77007218,19558.00,19558.00,30.39,651.32,60.57,454
drawdown_tilt_rebalance,"drawdown_tilt_rebalance(drawdown_window_days=365,deep_drawdown=0.50,medium_drawdown=0.25,deep_bear_cash_weight=0.05,bull_cash_weight=0.40)",BTC-USD+ETH-USD+DAI,7d,2022-01-01,2026-05-02,15000.00,64509.39,50508.56,14000.83,0.00,999.17,0.10664546,4.70620464,20294.04,20294.04,35.29,766.79,60.85,454
btc_defensive_eth_aggressive,"btc_defensive_eth_aggressive(ma_window_days=200,return_window_days=84,weak_cash_weight=0.25,neutral_cash_weight=0.15,strong_cash_weight=0.10)",BTC-USD+ETH-USD+DAI,7d,2022-01-01,2026-05-02,15000.00,43298.70,33522.90,9775.80,0.00,5224.20,0.12362117,2.74419040,21308.98,21308.98,42.06,512.14,51.76,454
budgeted_static_50_50_rebalance,"budgeted_static_50_50_rebalance(cash_weight=0.20,rebalance_fraction=0.50,buy_budget_fraction=0.60,sell_budget_fraction=0.35)",BTC-USD+ETH-USD+DAI,7d,2022-04-01,2026-05-01,15000.00,30335.89,21731.52,8604.36,0.00,6395.64,0.17704238,5.88269165,33750.33,33750.33,125.00,347.12,44.45,428
budgeted_drawdown_tilt_rebalance,"budgeted_drawdown_tilt_rebalance(drawdown_window_days=365,deep_drawdown=0.50,medium_drawdown=0.25,deep_buy_budget_fraction=1.00,bull_sell_budget_fraction=0.30)",BTC-USD+ETH-USD+DAI,7d,2022-04-01,2026-05-01,15000.00,47934.64,39059.37,8875.27,0.00,6124.73,0.18382537,7.43539322,37574.38,37574.38,150.50,579.96,39.87,332
budgeted_btc_defensive_eth_aggressive,"budgeted_btc_defensive_eth_aggressive(ma_window_days=200,return_window_days=84,weak_buy_budget_fraction=0.90,strong_buy_budget_fraction=0.65,sell_budget_fraction=0.20)",BTC-USD+ETH-USD+DAI,7d,2022-04-01,2026-05-01,15000.00,21480.17,10571.65,10908.53,0.00,4091.47,0.21153558,5.49540180,33255.67,33255.67,121.70,213.68,48.22,220
static_50_50_rebalance,"static_50_50_rebalance(cash_weight=0.20,rebalance_fraction=0.50)",BTC-USD+ETH-USD+DAI,7d,2022-04-01,2026-05-01,15000.00,30731.39,19663.26,11068.13,0.00,3931.87,0.10229214,3.42362027,19793.66,19793.66,31.96,335.96,52.26,428
target_50_50_with_cash_band,"target_50_50_with_cash_band(ma_window_days=200,drawdown_window_days=365,bear_cash_weight=0.10,neutral_cash_weight=0.30,bull_cash_weight=0.60)",BTC-USD+ETH-USD+DAI,7d,2022-04-01,2026-05-01,15000.00,74497.92,61332.99,13164.92,0.00,1835.08,0.10740616,3.59480917,18489.92,18489.92,23.27,905.54,57.24,428
narrow_cash_band_rebalance,"narrow_cash_band_rebalance(ma_window_days=200,drawdown_window_days=365,bear_cash_weight=0.10,neutral_cash_weight=0.20,bull_cash_weight=0.35)",BTC-USD+ETH-USD+DAI,7d,2022-04-01,2026-05-01,15000.00,56665.48,43605.26,13060.21,0.00,1939.79,0.11474295,3.82502070,19697.08,19697.08,31.31,668.47,55.84,428
drawdown_tilt_rebalance,"drawdown_tilt_rebalance(drawdown_window_days=365,deep_drawdown=0.50,medium_drawdown=0.25,deep_bear_cash_weight=0.05,bull_cash_weight=0.40)",BTC-USD+ETH-USD+DAI,7d,2022-04-01,2026-05-01,15000.00,63564.32,49848.34,13715.97,0.00,1284.03,0.10543346,4.66784360,20247.74,20247.74,34.98,756.08,56.59,428
btc_defensive_eth_aggressive,"btc_defensive_eth_aggressive(ma_window_days=200,return_window_days=84,weak_cash_weight=0.25,neutral_cash_weight=0.15,strong_cash_weight=0.10)",BTC-USD+ETH-USD+DAI,7d,2022-04-01,2026-05-01,15000.00,42911.85,33272.84,9639.00,0.00,5361.00,0.12688359,2.81993829,21760.90,21760.90,45.07,507.90,48.13,428
budgeted_static_50_50_rebalance,"budgeted_static_50_50_rebalance(cash_weight=0.20,rebalance_fraction=0.50,buy_budget_fraction=0.60,sell_budget_fraction=0.35)",BTC-USD+ETH-USD+DAI,7d,2022-07-01,2026-05-01,15000.00,30227.54,21968.02,8259.52,0.00,6740.48,0.18650044,6.19643482,35555.33,35555.33,137.04,347.97,44.42,402
budgeted_drawdown_tilt_rebalance,"budgeted_drawdown_tilt_rebalance(drawdown_window_days=365,deep_drawdown=0.50,medium_drawdown=0.25,deep_buy_budget_fraction=1.00,bull_sell_budget_fraction=0.30)",BTC-USD+ETH-USD+DAI,7d,2022-07-01,2026-05-01,15000.00,49886.15,43968.59,5917.56,0.00,9082.44,0.20239956,8.15296765,43632.44,43632.44,190.88,625.70,39.31,334
budgeted_btc_defensive_eth_aggressive,"budgeted_btc_defensive_eth_aggressive(ma_window_days=200,return_window_days=84,weak_buy_budget_fraction=0.90,strong_buy_budget_fraction=0.65,sell_budget_fraction=0.20)",BTC-USD+ETH-USD+DAI,7d,2022-07-01,2026-05-01,15000.00,22365.16,12273.64,10091.52,0.00,4908.48,0.24993276,6.48140146,39340.05,39340.05,162.27,230.93,48.15,206
static_50_50_rebalance,"static_50_50_rebalance(cash_weight=0.20,rebalance_fraction=0.50)",BTC-USD+ETH-USD+DAI,7d,2022-07-01,2026-05-01,15000.00,44717.27,37449.64,7267.63,0.00,7732.37,0.20116641,6.73284751,38925.95,38925.95,159.51,547.78,43.97,402
target_50_50_with_cash_band,"target_50_50_with_cash_band(ma_window_days=200,drawdown_window_days=365,bear_cash_weight=0.10,neutral_cash_weight=0.30,bull_cash_weight=0.60)",BTC-USD+ETH-USD+DAI,7d,2022-07-01,2026-05-01,15000.00,142596.90,131577.06,11019.84,0.00,3980.16,0.23295670,7.79689839,40103.39,40103.39,167.36,1827.83,40.82,402
narrow_cash_band_rebalance,"narrow_cash_band_rebalance(ma_window_days=200,drawdown_window_days=365,bear_cash_weight=0.10,neutral_cash_weight=0.20,bull_cash_weight=0.35)",BTC-USD+ETH-USD+DAI,7d,2022-07-01,2026-05-01,15000.00,98795.60,87766.02,11029.58,0.00,3970.42,0.23485986,7.82918540,40316.67,40316.67,168.78,1243.74,44.78,402
drawdown_tilt_rebalance,"drawdown_tilt_rebalance(drawdown_window_days=365,deep_drawdown=0.50,medium_drawdown=0.25,deep_bear_cash_weight=0.05,bull_cash_weight=0.40)",BTC-USD+ETH-USD+DAI,7d,2022-07-01,2026-05-01,15000.00,115122.34,102828.47,12293.87,0.00,2706.13,0.22220499,9.83765609,42672.86,42672.86,184.49,1453.01,43.68,402
btc_defensive_eth_aggressive,"btc_defensive_eth_aggressive(ma_window_days=200,return_window_days=84,weak_cash_weight=0.25,neutral_cash_weight=0.15,strong_cash_weight=0.10)",BTC-USD+ETH-USD+DAI,7d,2022-07-01,2026-05-01,15000.00,63124.34,57552.71,5571.63,0.00,9428.37,0.22314976,4.95941629,38270.82,38270.82,155.14,804.51,43.61,402
budgeted_static_50_50_rebalance,"budgeted_static_50_50_rebalance(cash_weight=0.20,rebalance_fraction=0.50,buy_budget_fraction=0.60,sell_budget_fraction=0.35)",BTC-USD+ETH-USD+DAI,7d,2022-10-01,2026-05-02,15000.00,29128.92,20446.74,8682.18,0.00,6317.82,0.17537676,5.80306196,33561.93,33561.93,123.75,330.50,43.10,376
budgeted_drawdown_tilt_rebalance,"budgeted_drawdown_tilt_rebalance(drawdown_window_days=365,deep_drawdown=0.50,medium_drawdown=0.25,deep_buy_budget_fraction=1.00,bull_sell_budget_fraction=0.30)",BTC-USD+ETH-USD+DAI,7d,2022-10-01,2026-05-02,15000.00,47324.48,39170.97,8153.51,0.00,6846.49,0.20296260,8.03862212,41440.66,41440.66,176.27,576.64,39.21,320
budgeted_btc_defensive_eth_aggressive,"budgeted_btc_defensive_eth_aggressive(ma_window_days=200,return_window_days=84,weak_buy_budget_fraction=0.90,strong_buy_budget_fraction=0.65,sell_budget_fraction=0.20)",BTC-USD+ETH-USD+DAI,7d,2022-10-01,2026-05-02,15000.00,22245.68,11533.17,10712.51,0.00,4287.49,0.25670725,6.26689758,39005.52,39005.52,160.04,225.19,47.02,202
static_50_50_rebalance,"static_50_50_rebalance(cash_weight=0.20,rebalance_fraction=0.50)",BTC-USD+ETH-USD+DAI,7d,2022-10-01,2026-05-02,15000.00,42220.80,34651.39,7569.41,0.00,7430.59,0.19307078,6.45342315,37573.72,37573.72,150.49,512.48,42.68,376
target_50_50_with_cash_band,"target_50_50_with_cash_band(ma_window_days=200,drawdown_window_days=365,bear_cash_weight=0.10,neutral_cash_weight=0.30,bull_cash_weight=0.60)",BTC-USD+ETH-USD+DAI,7d,2022-10-01,2026-05-02,15000.00,135863.75,124707.74,11156.01,0.00,3843.99,0.22470070,7.51086666,38925.81,38925.81,159.51,1737.14,40.23,376
narrow_cash_band_rebalance,"narrow_cash_band_rebalance(ma_window_days=200,drawdown_window_days=365,bear_cash_weight=0.10,neutral_cash_weight=0.20,bull_cash_weight=0.35)",BTC-USD+ETH-USD+DAI,7d,2022-10-01,2026-05-02,15000.00,93747.20,82648.88,11098.32,0.00,3901.68,0.23074944,7.68339964,39859.17,39859.17,165.73,1175.97,44.08,376
drawdown_tilt_rebalance,"drawdown_tilt_rebalance(drawdown_window_days=365,deep_drawdown=0.50,medium_drawdown=0.25,deep_bear_cash_weight=0.05,bull_cash_weight=0.40)",BTC-USD+ETH-USD+DAI,7d,2022-10-01,2026-05-02,15000.00,109683.85,96735.80,12948.05,0.00,2051.95,0.21901311,9.66492615,41676.98,41676.98,177.85,1376.13,42.68,376
btc_defensive_eth_aggressive,"btc_defensive_eth_aggressive(ma_window_days=200,return_window_days=84,weak_cash_weight=0.25,neutral_cash_weight=0.15,strong_cash_weight=0.10)",BTC-USD+ETH-USD+DAI,7d,2022-10-01,2026-05-02,15000.00,63375.34,57788.48,5586.86,0.00,9413.14,0.22274482,4.94457556,38395.25,38395.25,155.97,807.76,41.92,376
budgeted_static_50_50_rebalance,"budgeted_static_50_50_rebalance(cash_weight=0.20,rebalance_fraction=0.50,buy_budget_fraction=0.60,sell_budget_fraction=0.35)",BTC-USD+ETH-USD+DAI,7d,2023-01-01,2026-05-03,15000.00,27859.96,18529.43,9330.53,0.00,5669.47,0.15824748,5.23620402,30262.30,30262.30,101.75,309.26,43.83,350
budgeted_drawdown_tilt_rebalance,"budgeted_drawdown_tilt_rebalance(drawdown_window_days=365,deep_drawdown=0.50,medium_drawdown=0.25,deep_buy_budget_fraction=1.00,bull_sell_budget_fraction=0.30)",BTC-USD+ETH-USD+DAI,7d,2023-01-01,2026-05-03,15000.00,41359.55,32557.40,8802.15,0.00,6197.85,0.17882180,6.92654301,36332.79,36332.79,142.22,492.78,38.56,292
budgeted_btc_defensive_eth_aggressive,"budgeted_btc_defensive_eth_aggressive(ma_window_days=200,return_window_days=84,weak_buy_budget_fraction=0.90,strong_buy_budget_fraction=0.65,sell_budget_fraction=0.20)",BTC-USD+ETH-USD+DAI,7d,2023-01-01,2026-05-03,15000.00,19720.18,9379.52,10340.67,0.00,4659.33,0.20413107,5.11832016,32582.94,32582.94,117.22,194.00,47.08,198
static_50_50_rebalance,"static_50_50_rebalance(cash_weight=0.20,rebalance_fraction=0.50)",BTC-USD+ETH-USD+DAI,7d,2023-01-01,2026-05-03,15000.00,42481.93,35159.37,7322.55,0.00,7677.45,0.19988464,6.66835742,38867.42,38867.42,159.12,517.61,43.68,350
target_50_50_with_cash_band,"target_50_50_with_cash_band(ma_window_days=200,drawdown_window_days=365,bear_cash_weight=0.10,neutral_cash_weight=0.30,bull_cash_weight=0.60)",BTC-USD+ETH-USD+DAI,7d,2023-01-01,2026-05-03,15000.00,134557.60,123624.91,10932.68,0.00,4067.32,0.23822253,7.94761815,41240.16,41240.16,174.93,1721.22,40.16,350
narrow_cash_band_rebalance,"narrow_cash_band_rebalance(ma_window_days=200,drawdown_window_days=365,bear_cash_weight=0.10,neutral_cash_weight=0.20,bull_cash_weight=0.35)",BTC-USD+ETH-USD+DAI,7d,2023-01-01,2026-05-03,15000.00,94115.98,83130.34,10985.65,0.00,4014.35,0.23811298,7.92108056,41116.95,41116.95,174.11,1181.64,44.02,350
drawdown_tilt_rebalance,"drawdown_tilt_rebalance(drawdown_window_days=365,deep_drawdown=0.50,medium_drawdown=0.25,deep_bear_cash_weight=0.05,bull_cash_weight=0.40)",BTC-USD+ETH-USD+DAI,7d,2023-01-01,2026-05-03,15000.00,113550.93,100688.21,12862.72,0.00,2137.28,0.22901586,10.07206622,43520.88,43520.88,190.14,1428.26,43.27,350
btc_defensive_eth_aggressive,"btc_defensive_eth_aggressive(ma_window_days=200,return_window_days=84,weak_cash_weight=0.25,neutral_cash_weight=0.15,strong_cash_weight=0.10)",BTC-USD+ETH-USD+DAI,7d,2023-01-01,2026-05-03,15000.00,57724.68,52117.89,5606.79,0.00,9393.21,0.22294379,4.94416809,38390.26,38390.26,155.94,732.28,43.02,350
budgeted_static_50_50_rebalance,"budgeted_static_50_50_rebalance(cash_weight=0.20,rebalance_fraction=0.50,buy_budget_fraction=0.60,sell_budget_fraction=0.35)",BTC-USD+ETH-USD+DAI,7d,2023-04-01,2026-05-02,15000.00,25523.44,15636.08,9887.36,0.00,5112.64,0.14224590,4.70939396,27216.02,27216.02,81.44,274.40,43.19,324
budgeted_drawdown_tilt_rebalance,"budgeted_drawdown_tilt_rebalance(drawdown_window_days=365,deep_drawdown=0.50,medium_drawdown=0.25,deep_buy_budget_fraction=1.00,bull_sell_budget_fraction=0.30)",BTC-USD+ETH-USD+DAI,7d,2023-04-01,2026-05-02,15000.00,34235.17,20296.81,13938.36,0.00,1061.64,0.15369811,6.50317359,28222.10,28222.10,88.15,363.55,41.22,212
budgeted_btc_defensive_eth_aggressive,"budgeted_btc_defensive_eth_aggressive(ma_window_days=200,return_window_days=84,weak_buy_budget_fraction=0.90,strong_buy_budget_fraction=0.65,sell_budget_fraction=0.20)",BTC-USD+ETH-USD+DAI,7d,2023-04-01,2026-05-02,15000.00,19185.45,7021.02,12164.42,0.00,2835.58,0.18663137,4.56179832,28089.35,28089.35,87.26,174.71,47.27,171
static_50_50_rebalance,"static_50_50_rebalance(cash_weight=0.20,rebalance_fraction=0.50)",BTC-USD+ETH-USD+DAI,7d,2023-04-01,2026-05-02,15000.00,33264.20,23697.50,9566.70,0.00,5433.30,0.14117472,4.71878872,27474.17,27474.17,83.16,379.74,42.68,324
target_50_50_with_cash_band,"target_50_50_with_cash_band(ma_window_days=200,drawdown_window_days=365,bear_cash_weight=0.10,neutral_cash_weight=0.30,bull_cash_weight=0.60)",BTC-USD+ETH-USD+DAI,7d,2023-04-01,2026-05-02,15000.00,96852.55,84578.65,12273.89,0.00,2726.11,0.15935478,5.32660807,27605.67,27605.67,84.04,1209.54,40.23,324
narrow_cash_band_rebalance,"narrow_cash_band_rebalance(ma_window_days=200,drawdown_window_days=365,bear_cash_weight=0.10,neutral_cash_weight=0.20,bull_cash_weight=0.35)",BTC-USD+ETH-USD+DAI,7d,2023-04-01,2026-05-02,15000.00,67420.07,55187.54,12232.53,0.00,2767.47,0.16367101,5.44984984,28272.19,28272.19,88.48,817.38,44.08,324
drawdown_tilt_rebalance,"drawdown_tilt_rebalance(drawdown_window_days=365,deep_drawdown=0.50,medium_drawdown=0.25,deep_bear_cash_weight=0.05,bull_cash_weight=0.40)",BTC-USD+ETH-USD+DAI,7d,2023-04-01,2026-05-02,15000.00,77708.88,64143.40,13565.48,0.00,1434.52,0.15311178,6.75673723,29136.32,29136.32,94.24,945.68,42.68,324
btc_defensive_eth_aggressive,"btc_defensive_eth_aggressive(ma_window_days=200,return_window_days=84,weak_cash_weight=0.25,neutral_cash_weight=0.15,strong_cash_weight=0.10)",BTC-USD+ETH-USD+DAI,7d,2023-04-01,2026-05-02,15000.00,49583.30,41559.57,8023.73,0.00,6976.27,0.16508083,3.66452800,28455.52,28455.52,89.70,607.62,41.92,324
budgeted_static_50_50_rebalance,"budgeted_static_50_50_rebalance(cash_weight=0.20,rebalance_fraction=0.50,buy_budget_fraction=0.60,sell_budget_fraction=0.35)",BTC-USD+ETH-USD+DAI,7d,2023-07-01,2026-05-02,15000.00,23371.14,12921.03,10450.10,0.00,4549.90,0.12666023,4.19398512,24232.82,24232.82,61.55,241.95,43.23,298
budgeted_drawdown_tilt_rebalance,"budgeted_drawdown_tilt_rebalance(drawdown_window_days=365,deep_drawdown=0.50,medium_drawdown=0.25,deep_buy_budget_fraction=1.00,bull_sell_budget_fraction=0.30)",BTC-USD+ETH-USD+DAI,7d,2023-07-01,2026-05-02,15000.00,28792.51,14512.94,14279.56,0.00,720.44,0.12856556,5.44101641,23442.51,23442.51,56.28,288.70,42.16,175
budgeted_btc_defensive_eth_aggressive,"budgeted_btc_defensive_eth_aggressive(ma_window_days=200,return_window_days=84,weak_buy_budget_fraction=0.90,strong_buy_budget_fraction=0.65,sell_budget_fraction=0.20)",BTC-USD+ETH-USD+DAI,7d,2023-07-01,2026-05-02,15000.00,17806.64,5236.11,12570.53,0.00,2429.47,0.16460854,4.07002755,24811.05,24811.05,65.41,153.62,47.40,158
static_50_50_rebalance,"static_50_50_rebalance(cash_weight=0.20,rebalance_fraction=0.50)",BTC-USD+ETH-USD+DAI,7d,2023-07-01,2026-05-02,15000.00,32138.80,22386.17,9752.63,0.00,5247.37,0.13634369,4.55731079,26534.00,26534.00,76.89,363.50,42.68,298
target_50_50_with_cash_band,"target_50_50_with_cash_band(ma_window_days=200,drawdown_window_days=365,bear_cash_weight=0.10,neutral_cash_weight=0.30,bull_cash_weight=0.60)",BTC-USD+ETH-USD+DAI,7d,2023-07-01,2026-05-02,15000.00,86535.50,74176.41,12359.09,0.00,2640.91,0.15437452,5.16013713,26742.92,26742.92,78.29,1071.41,40.23,298
narrow_cash_band_rebalance,"narrow_cash_band_rebalance(ma_window_days=200,drawdown_window_days=365,bear_cash_weight=0.10,neutral_cash_weight=0.20,bull_cash_weight=0.35)",BTC-USD+ETH-USD+DAI,7d,2023-07-01,2026-05-02,15000.00,62323.44,50006.57,12316.87,0.00,2683.13,0.15868286,5.28375641,27410.54,27410.54,82.74,748.87,44.08,298
drawdown_tilt_rebalance,"drawdown_tilt_rebalance(drawdown_window_days=365,deep_drawdown=0.50,medium_drawdown=0.25,deep_bear_cash_weight=0.05,bull_cash_weight=0.40)",BTC-USD+ETH-USD+DAI,7d,2023-07-01,2026-05-02,15000.00,71343.57,57738.20,13605.37,0.00,1394.63,0.14885399,6.56884369,28326.09,28326.09,88.84,860.55,42.68,298
btc_defensive_eth_aggressive,"btc_defensive_eth_aggressive(ma_window_days=200,return_window_days=84,weak_cash_weight=0.25,neutral_cash_weight=0.15,strong_cash_weight=0.10)",BTC-USD+ETH-USD+DAI,7d,2023-07-01,2026-05-02,15000.00,45991.68,37787.02,8204.67,0.00,6795.33,0.16079914,3.56948136,27717.47,27717.47,84.78,558.52,41.92,298
budgeted_static_50_50_rebalance,"budgeted_static_50_50_rebalance(cash_weight=0.20,rebalance_fraction=0.50,buy_budget_fraction=0.60,sell_budget_fraction=0.35)",BTC-USD+ETH-USD+DAI,7d,2023-10-01,2026-05-03,15000.00,20890.55,9585.62,11304.93,0.00,3695.07,0.10331988,3.42589537,19768.41,19768.41,31.79,203.17,43.96,272
budgeted_drawdown_tilt_rebalance,"budgeted_drawdown_tilt_rebalance(drawdown_window_days=365,deep_drawdown=0.50,medium_drawdown=0.25,deep_buy_budget_fraction=1.00,bull_sell_budget_fraction=0.30)",BTC-USD+ETH-USD+DAI,7d,2023-10-01,2026-05-03,15000.00,27732.79,13507.61,14225.18,0.00,774.82,0.12032971,5.09001250,22049.34,22049.34,47.00,274.94,40.31,167
budgeted_btc_defensive_eth_aggressive,"budgeted_btc_defensive_eth_aggressive(ma_window_days=200,return_window_days=84,weak_buy_budget_fraction=0.90,strong_buy_budget_fraction=0.65,sell_budget_fraction=0.20)",BTC-USD+ETH-USD+DAI,7d,2023-10-01,2026-05-03,15000.00,15426.85,3425.27,12001.58,0.00,2998.42,0.12169529,3.19744068,19984.72,19984.72,33.23,125.68,46.97,158
static_50_50_rebalance,"static_50_50_rebalance(cash_weight=0.20,rebalance_fraction=0.50)",BTC-USD+ETH-USD+DAI,7d,2023-10-01,2026-05-03,15000.00,32981.38,23648.93,9332.45,0.00,5667.55,0.14755646,4.92263538,28692.24,28692.24,91.28,377.54,43.68,272
target_50_50_with_cash_band,"target_50_50_with_cash_band(ma_window_days=200,drawdown_window_days=365,bear_cash_weight=0.10,neutral_cash_weight=0.30,bull_cash_weight=0.60)",BTC-USD+ETH-USD+DAI,7d,2023-10-01,2026-05-03,15000.00,83004.13,70725.54,12278.59,0.00,2721.41,0.15939315,5.31769956,27593.52,27593.52,83.96,1024.86,40.16,272
narrow_cash_band_rebalance,"narrow_cash_band_rebalance(ma_window_days=200,drawdown_window_days=365,bear_cash_weight=0.10,neutral_cash_weight=0.20,bull_cash_weight=0.35)",BTC-USD+ETH-USD+DAI,7d,2023-10-01,2026-05-03,15000.00,61590.51,49403.53,12186.98,0.00,2813.02,0.16685565,5.55062983,28812.36,28812.36,92.08,739.96,44.02,272
drawdown_tilt_rebalance,"drawdown_tilt_rebalance(drawdown_window_days=365,deep_drawdown=0.50,medium_drawdown=0.25,deep_bear_cash_weight=0.05,bull_cash_weight=0.40)",BTC-USD+ETH-USD+DAI,7d,2023-10-01,2026-05-03,15000.00,73538.39,60004.57,13533.82,0.00,1466.18,0.15710582,6.90947888,29855.50,29855.50,99.04,890.29,43.27,272
btc_defensive_eth_aggressive,"btc_defensive_eth_aggressive(ma_window_days=200,return_window_days=84,weak_cash_weight=0.25,neutral_cash_weight=0.15,strong_cash_weight=0.10)",BTC-USD+ETH-USD+DAI,7d,2023-10-01,2026-05-03,15000.00,43988.51,36146.05,7842.46,0.00,7157.54,0.16988101,3.76740807,29253.00,29253.00,95.02,534.23,43.02,272
budgeted_static_50_50_rebalance,"budgeted_static_50_50_rebalance(cash_weight=0.20,rebalance_fraction=0.50,buy_budget_fraction=0.60,sell_budget_fraction=0.35)",BTC-USD+ETH-USD+DAI,7d,2024-01-01,2026-05-04,15000.00,19275.30,7451.34,11823.96,0.00,3176.04,0.08762722,2.89155512,16959.61,16959.61,13.06,178.18,46.39,246
budgeted_drawdown_tilt_rebalance,"budgeted_drawdown_tilt_rebalance(drawdown_window_days=365,deep_drawdown=0.50,medium_drawdown=0.25,deep_buy_budget_fraction=1.00,bull_sell_budget_fraction=0.30)",BTC-USD+ETH-USD+DAI,7d,2024-01-01,2026-05-04,15000.00,26160.14,11692.76,14467.38,0.00,532.62,0.11138527,4.69451007,20444.78,20444.78,36.30,252.35,42.40,157
budgeted_btc_defensive_eth_aggressive,"budgeted_btc_defensive_eth_aggressive(ma_window_days=200,return_window_days=84,weak_buy_budget_fraction=0.90,strong_buy_budget_fraction=0.65,sell_budget_fraction=0.20)",BTC-USD+ETH-USD+DAI,7d,2024-01-01,2026-05-04,15000.00,15144.64,2742.48,12402.16,0.00,2597.84,0.10168392,2.79658303,17280.99,17280.99,15.21,119.25,49.35,152
static_50_50_rebalance,"static_50_50_rebalance(cash_weight=0.20,rebalance_fraction=0.50)",BTC-USD+ETH-USD+DAI,7d,2024-01-01,2026-05-04,15000.00,25885.98,15018.53,10867.45,0.00,4132.55,0.10641050,3.56575181,20998.32,20998.32,39.99,272.70,46.05,246
target_50_50_with_cash_band,"target_50_50_with_cash_band(ma_window_days=200,drawdown_window_days=365,bear_cash_weight=0.10,neutral_cash_weight=0.30,bull_cash_weight=0.60)",BTC-USD+ETH-USD+DAI,7d,2024-01-01,2026-05-04,15000.00,61849.45,49021.57,12827.88,0.00,2172.12,0.12582939,4.21661103,22116.07,22116.07,47.44,739.14,42.82,246
narrow_cash_band_rebalance,"narrow_cash_band_rebalance(ma_window_days=200,drawdown_window_days=365,bear_cash_weight=0.10,neutral_cash_weight=0.20,bull_cash_weight=0.35)",BTC-USD+ETH-USD+DAI,7d,2024-01-01,2026-05-04,15000.00,46215.33,33339.09,12876.24,0.00,2123.76,0.12443993,4.15057238,21801.77,21801.77,45.35,530.36,46.22,246
drawdown_tilt_rebalance,"drawdown_tilt_rebalance(drawdown_window_days=365,deep_drawdown=0.50,medium_drawdown=0.25,deep_bear_cash_weight=0.05,bull_cash_weight=0.40)",BTC-USD+ETH-USD+DAI,7d,2024-01-01,2026-05-04,15000.00,55707.86,41832.26,13875.60,0.00,1124.40,0.11865530,5.27274870,22974.19,22974.19,53.16,650.27,45.96,246
btc_defensive_eth_aggressive,"btc_defensive_eth_aggressive(ma_window_days=200,return_window_days=84,weak_cash_weight=0.25,neutral_cash_weight=0.15,strong_cash_weight=0.10)",BTC-USD+ETH-USD+DAI,7d,2024-01-01,2026-05-04,15000.00,33726.84,23921.47,9805.37,0.00,5194.63,0.12178015,2.70789739,21274.37,21274.37,41.83,384.32,45.38,246
budgeted_static_50_50_rebalance,"budgeted_static_50_50_rebalance(cash_weight=0.20,rebalance_fraction=0.50,buy_budget_fraction=0.60,sell_budget_fraction=0.35)",BTC-USD+ETH-USD+DAI,7d,2024-04-01,2026-05-04,15000.00,17748.84,5674.76,12074.08,0.00,2925.92,0.08073134,2.66399267,15624.76,15624.76,4.17,156.16,46.40,220
budgeted_drawdown_tilt_rebalance,"budgeted_drawdown_tilt_rebalance(drawdown_window_days=365,deep_drawdown=0.50,medium_drawdown=0.25,deep_buy_budget_fraction=1.00,bull_sell_budget_fraction=0.30)",BTC-USD+ETH-USD+DAI,7d,2024-04-01,2026-05-04,15000.00,25960.31,11487.41,14472.90,0.00,527.10,0.11055852,4.65990618,20292.03,20292.03,35.28,249.65,42.42,155
budgeted_btc_defensive_eth_aggressive,"budgeted_btc_defensive_eth_aggressive(ma_window_days=200,return_window_days=84,weak_buy_budget_fraction=0.90,strong_buy_budget_fraction=0.65,sell_budget_fraction=0.20)",BTC-USD+ETH-USD+DAI,7d,2024-04-01,2026-05-04,15000.00,14841.30,2161.69,12679.62,0.00,2320.38,0.09437352,2.62973737,16028.19,16028.19,6.85,113.35,49.43,134
static_50_50_rebalance,"static_50_50_rebalance(cash_weight=0.20,rebalance_fraction=0.50)",BTC-USD+ETH-USD+DAI,7d,2024-04-01,2026-05-04,15000.00,21472.14,9415.45,12056.70,0.00,2943.30,0.07578808,2.53961289,14955.50,14955.50,-0.30,205.92,46.05,220
target_50_50_with_cash_band,"target_50_50_with_cash_band(ma_window_days=200,drawdown_window_days=365,bear_cash_weight=0.10,neutral_cash_weight=0.30,bull_cash_weight=0.60)",BTC-USD+ETH-USD+DAI,7d,2024-04-01,2026-05-04,15000.00,51328.68,38127.92,13200.76,0.00,1799.24,0.10422891,3.49276730,18319.52,18319.52,22.13,596.38,42.82,220
narrow_cash_band_rebalance,"narrow_cash_band_rebalance(ma_window_days=200,drawdown_window_days=365,bear_cash_weight=0.10,neutral_cash_weight=0.20,bull_cash_weight=0.35)",BTC-USD+ETH-USD+DAI,7d,2024-04-01,2026-05-04,15000.00,36856.68,23459.11,13397.57,0.00,1602.43,0.09389296,3.13170823,16449.97,16449.97,9.67,402.11,46.22,220
drawdown_tilt_rebalance,"drawdown_tilt_rebalance(drawdown_window_days=365,deep_drawdown=0.50,medium_drawdown=0.25,deep_bear_cash_weight=0.05,bull_cash_weight=0.40)",BTC-USD+ETH-USD+DAI,7d,2024-04-01,2026-05-04,15000.00,43704.24,29564.26,14139.99,0.00,860.01,0.09075522,4.03293801,17572.14,17572.14,17.15,488.46,45.96,220
btc_defensive_eth_aggressive,"btc_defensive_eth_aggressive(ma_window_days=200,return_window_days=84,weak_cash_weight=0.25,neutral_cash_weight=0.15,strong_cash_weight=0.10)",BTC-USD+ETH-USD+DAI,7d,2024-04-01,2026-05-04,15000.00,24998.14,13702.03,11296.11,0.00,3703.89,0.08683198,1.93079166,15169.10,15169.10,1.13,258.00,45.38,220
budgeted_static_50_50_rebalance,"budgeted_static_50_50_rebalance(cash_weight=0.20,rebalance_fraction=0.50,buy_budget_fraction=0.60,sell_budget_fraction=0.35)",BTC-USD+ETH-USD+DAI,7d,2024-07-01,2026-05-04,15000.00,16794.03,4728.25,12065.77,0.00,2934.23,0.08096061,2.67155813,15669.14,15669.14,4.46,143.48,46.40,194
budgeted_drawdown_tilt_rebalance,"budgeted_drawdown_tilt_rebalance(drawdown_window_days=365,deep_drawdown=0.50,medium_drawdown=0.25,deep_buy_budget_fraction=1.00,bull_sell_budget_fraction=0.30)",BTC-USD+ETH-USD+DAI,7d,2024-07-01,2026-05-04,15000.00,25149.96,10681.31,14468.65,0.00,531.35,0.11018333,4.64623567,20234.23,20234.23,34.89,238.88,42.21,143
budgeted_btc_defensive_eth_aggressive,"budgeted_btc_defensive_eth_aggressive(ma_window_days=200,return_window_days=84,weak_buy_budget_fraction=0.90,strong_buy_budget_fraction=0.65,sell_budget_fraction=0.20)",BTC-USD+ETH-USD+DAI,7d,2024-07-01,2026-05-04,15000.00,14234.62,1656.03,12578.59,0.00,2421.41,0.09547399,2.63720468,16234.62,16234.62,8.23,105.94,49.18,123
static_50_50_rebalance,"static_50_50_rebalance(cash_weight=0.20,rebalance_fraction=0.50)",BTC-USD+ETH-USD+DAI,7d,2024-07-01,2026-05-04,15000.00,20891.34,9006.00,11885.34,0.00,3114.66,0.08020033,2.68746495,15826.19,15826.19,5.51,199.32,46.05,194
target_50_50_with_cash_band,"target_50_50_with_cash_band(ma_window_days=200,drawdown_window_days=365,bear_cash_weight=0.10,neutral_cash_weight=0.30,bull_cash_weight=0.60)",BTC-USD+ETH-USD+DAI,7d,2024-07-01,2026-05-04,15000.00,47593.19,34401.70,13191.49,0.00,1808.51,0.10476590,3.51076206,18413.90,18413.90,22.76,546.63,42.82,194
narrow_cash_band_rebalance,"narrow_cash_band_rebalance(ma_window_days=200,drawdown_window_days=365,bear_cash_weight=0.10,neutral_cash_weight=0.20,bull_cash_weight=0.35)",BTC-USD+ETH-USD+DAI,7d,2024-07-01,2026-05-04,15000.00,34288.76,20935.03,13353.73,0.00,1646.27,0.09646158,3.21738192,16899.99,16899.99,12.67,368.16,46.22,194
drawdown_tilt_rebalance,"drawdown_tilt_rebalance(drawdown_window_days=365,deep_drawdown=0.50,medium_drawdown=0.25,deep_bear_cash_weight=0.05,bull_cash_weight=0.40)",BTC-USD+ETH-USD+DAI,7d,2024-07-01,2026-05-04,15000.00,39438.52,25306.61,14131.91,0.00,868.09,0.09160719,4.07079732,17737.10,17737.10,18.25,431.63,45.96,194
btc_defensive_eth_aggressive,"btc_defensive_eth_aggressive(ma_window_days=200,return_window_days=84,weak_cash_weight=0.25,neutral_cash_weight=0.15,strong_cash_weight=0.10)",BTC-USD+ETH-USD+DAI,7d,2024-07-01,2026-05-04,15000.00,21758.19,10727.87,11030.32,0.00,3969.68,0.09306305,2.06934537,16257.64,16257.64,8.38,216.57,45.38,194
budgeted_static_50_50_rebalance,"budgeted_static_50_50_rebalance(cash_weight=0.20,rebalance_fraction=0.50,buy_budget_fraction=0.60,sell_budget_fraction=0.35)",BTC-USD+ETH-USD+DAI,7d,2024-10-01,2026-05-05,15000.00,15208.34,2949.90,12258.44,0.00,2741.56,0.07516602,2.48749075,14694.80,14694.80,-2.03,121.05,45.32,168
budgeted_drawdown_tilt_rebalance,"budgeted_drawdown_tilt_rebalance(drawdown_window_days=365,deep_drawdown=0.50,medium_drawdown=0.25,deep_buy_budget_fraction=1.00,bull_sell_budget_fraction=0.30)",BTC-USD+ETH-USD+DAI,7d,2024-10-01,2026-05-05,15000.00,21947.56,7374.33,14573.23,0.00,426.77,0.09582147,4.06015092,17763.45,17763.45,18.42,195.48,43.30,132
budgeted_btc_defensive_eth_aggressive,"budgeted_btc_defensive_eth_aggressive(ma_window_days=200,return_window_days=84,weak_buy_budget_fraction=0.90,strong_buy_budget_fraction=0.65,sell_budget_fraction=0.20)",BTC-USD+ETH-USD+DAI,7d,2024-10-01,2026-05-05,15000.00,12894.64,316.36,12578.28,0.00,2421.72,0.08200799,2.12464397,14072.02,14072.02,-6.19,88.07,46.88,118
static_50_50_rebalance,"static_50_50_rebalance(cash_weight=0.20,rebalance_fraction=0.50)",BTC-USD+ETH-USD+DAI,7d,2024-10-01,2026-05-05,15000.00,20817.73,9257.30,11560.43,0.00,3439.57,0.08809815,2.95817664,17550.17,17550.17,17.00,200.50,44.86,168
target_50_50_with_cash_band,"target_50_50_with_cash_band(ma_window_days=200,drawdown_window_days=365,bear_cash_weight=0.10,neutral_cash_weight=0.30,bull_cash_weight=0.60)",BTC-USD+ETH-USD+DAI,7d,2024-10-01,2026-05-05,15000.00,42341.07,29135.86,13205.22,0.00,1794.78,0.10342016,3.47285536,18359.95,18359.95,22.40,476.51,42.83,168
narrow_cash_band_rebalance,"narrow_cash_band_rebalance(ma_window_days=200,drawdown_window_days=365,bear_cash_weight=0.10,neutral_cash_weight=0.20,bull_cash_weight=0.35)",BTC-USD+ETH-USD+DAI,7d,2024-10-01,2026-05-05,15000.00,32117.10,18827.44,13289.66,0.00,1710.34,0.09969976,3.32929408,17635.62,17635.62,17.57,339.63,46.33,168
drawdown_tilt_rebalance,"drawdown_tilt_rebalance(drawdown_window_days=365,deep_drawdown=0.50,medium_drawdown=0.25,deep_bear_cash_weight=0.05,bull_cash_weight=0.40)",BTC-USD+ETH-USD+DAI,7d,2024-10-01,2026-05-05,15000.00,39000.97,24941.47,14059.50,0.00,940.50,0.09855030,4.40127943,19303.20,19303.20,28.69,426.28,45.11,168
btc_defensive_eth_aggressive,"btc_defensive_eth_aggressive(ma_window_days=200,return_window_days=84,weak_cash_weight=0.25,neutral_cash_weight=0.15,strong_cash_weight=0.10)",BTC-USD+ETH-USD+DAI,7d,2024-10-01,2026-05-05,15000.00,21410.62,10807.59,10603.03,0.00,4396.97,0.10254354,2.28275501,18081.98,18081.98,20.55,214.79,43.67,168
budgeted_static_50_50_rebalance,"budgeted_static_50_50_rebalance(cash_weight=0.20,rebalance_fraction=0.50,buy_budget_fraction=0.60,sell_budget_fraction=0.35)",BTC-USD+ETH-USD+DAI,7d,2025-01-01,2026-04-29,15000.00,13517.82,1003.07,12514.75,0.00,2485.25,0.06947550,2.28617843,12896.35,12896.35,-14.02,96.81,44.12,140
budgeted_drawdown_tilt_rebalance,"budgeted_drawdown_tilt_rebalance(drawdown_window_days=365,deep_drawdown=0.50,medium_drawdown=0.25,deep_buy_budget_fraction=1.00,bull_sell_budget_fraction=0.30)",BTC-USD+ETH-USD+DAI,7d,2025-01-01,2026-04-29,15000.00,20122.79,5610.33,14512.47,0.00,487.53,0.08915599,3.71725487,15612.05,15612.05,4.08,171.55,41.76,118
budgeted_btc_defensive_eth_aggressive,"budgeted_btc_defensive_eth_aggressive(ma_window_days=200,return_window_days=84,weak_buy_budget_fraction=0.90,strong_buy_budget_fraction=0.65,sell_budget_fraction=0.20)",BTC-USD+ETH-USD+DAI,7d,2025-01-01,2026-04-29,15000.00,12391.42,0.00,12391.42,0.00,2608.58,0.07560061,1.77608377,12335.02,12335.02,-17.77,82.61,43.09,103
static_50_50_rebalance,"static_50_50_rebalance(cash_weight=0.20,rebalance_fraction=0.50)",BTC-USD+ETH-USD+DAI,7d,2025-01-01,2026-04-29,15000.00,17970.90,5470.70,12500.20,0.00,2499.80,0.06617150,2.18777568,12439.03,12439.03,-17.07,156.28,44.22,140
target_50_50_with_cash_band,"target_50_50_with_cash_band(ma_window_days=200,drawdown_window_days=365,bear_cash_weight=0.10,neutral_cash_weight=0.30,bull_cash_weight=0.60)",BTC-USD+ETH-USD+DAI,7d,2025-01-01,2026-04-29,15000.00,28285.10,14567.32,13717.79,0.00,1282.21,0.07636084,2.52465653,12751.91,12751.91,-14.99,285.68,41.77,140
narrow_cash_band_rebalance,"narrow_cash_band_rebalance(ma_window_days=200,drawdown_window_days=365,bear_cash_weight=0.10,neutral_cash_weight=0.20,bull_cash_weight=0.35)",BTC-USD+ETH-USD+DAI,7d,2025-01-01,2026-04-29,15000.00,24018.53,10263.22,13755.31,0.00,1244.69,0.07464511,2.45895240,12436.47,12436.47,-17.09,228.54,45.31,140
drawdown_tilt_rebalance,"drawdown_tilt_rebalance(drawdown_window_days=365,deep_drawdown=0.50,medium_drawdown=0.25,deep_bear_cash_weight=0.05,bull_cash_weight=0.40)",BTC-USD+ETH-USD+DAI,7d,2025-01-01,2026-04-29,15000.00,27769.40,13446.49,14322.90,0.00,677.10,0.07410131,3.18552929,13463.82,13463.82,-10.24,274.77,43.92,140
btc_defensive_eth_aggressive,"btc_defensive_eth_aggressive(ma_window_days=200,return_window_days=84,weak_cash_weight=0.25,neutral_cash_weight=0.15,strong_cash_weight=0.10)",BTC-USD+ETH-USD+DAI,7d,2025-01-01,2026-04-29,15000.00,20273.81,8456.16,11817.65,0.00,3182.35,0.07635353,1.67688883,12742.45,12742.45,-15.05,191.53,43.56,140
budgeted_static_50_50_rebalance,"budgeted_static_50_50_rebalance(cash_weight=0.20,rebalance_fraction=0.50,buy_budget_fraction=0.60,sell_budget_fraction=0.35)",BTC-USD+ETH-USD+DAI,7d,2025-04-01,2026-05-05,15000.00,12971.53,358.38,12613.16,0.00,2386.84,0.06544028,2.16569312,12793.58,12793.58,-14.71,88.87,42.20,116
budgeted_drawdown_tilt_rebalance,"budgeted_drawdown_tilt_rebalance(drawdown_window_days=365,deep_drawdown=0.50,medium_drawdown=0.25,deep_buy_budget_fraction=1.00,bull_sell_budget_fraction=0.30)",BTC-USD+ETH-USD+DAI,7d,2025-04-01,2026-05-05,15000.00,17060.64,2510.99,14549.66,0.00,450.34,0.08467011,3.60376187,15807.49,15807.49,5.38,130.48,38.09,98
budgeted_btc_defensive_eth_aggressive,"budgeted_btc_defensive_eth_aggressive(ma_window_days=200,return_window_days=84,weak_buy_budget_fraction=0.90,strong_buy_budget_fraction=0.65,sell_budget_fraction=0.20)",BTC-USD+ETH-USD+DAI,7d,2025-04-01,2026-05-05,15000.00,12122.18,0.00,12122.18,0.00,2877.82,0.07708707,1.73404563,13207.97,13207.97,-11.95,80.81,38.15,97
static_50_50_rebalance,"static_50_50_rebalance(cash_weight=0.20,rebalance_fraction=0.50)",BTC-USD+ETH-USD+DAI,7d,2025-04-01,2026-05-05,15000.00,17913.23,6381.21,11532.01,0.00,3467.99,0.08882595,2.98261503,17695.16,17695.16,17.97,161.96,44.86,116
target_50_50_with_cash_band,"target_50_50_with_cash_band(ma_window_days=200,drawdown_window_days=365,bear_cash_weight=0.10,neutral_cash_weight=0.30,bull_cash_weight=0.60)",BTC-USD+ETH-USD+DAI,7d,2025-04-01,2026-05-05,15000.00,30918.21,17703.75,13214.46,0.00,1785.54,0.10288749,3.45496809,18265.38,18265.38,21.77,324.15,42.83,116
narrow_cash_band_rebalance,"narrow_cash_band_rebalance(ma_window_days=200,drawdown_window_days=365,bear_cash_weight=0.10,neutral_cash_weight=0.20,bull_cash_weight=0.35)",BTC-USD+ETH-USD+DAI,7d,2025-04-01,2026-05-05,15000.00,24320.38,11064.08,13256.30,0.00,1743.70,0.10164415,3.39422354,17979.56,17979.56,19.86,235.90,46.33,116
drawdown_tilt_rebalance,"drawdown_tilt_rebalance(drawdown_window_days=365,deep_drawdown=0.50,medium_drawdown=0.25,deep_bear_cash_weight=0.05,bull_cash_weight=0.40)",BTC-USD+ETH-USD+DAI,7d,2025-04-01,2026-05-05,15000.00,30770.58,16758.22,14012.36,0.00,987.64,0.10348987,4.62188158,20270.72,20270.72,35.14,316.86,45.11,116
btc_defensive_eth_aggressive,"btc_defensive_eth_aggressive(ma_window_days=200,return_window_days=84,weak_cash_weight=0.25,neutral_cash_weight=0.15,strong_cash_weight=0.10)",BTC-USD+ETH-USD+DAI,7d,2025-04-01,2026-05-05,15000.00,18108.55,7383.52,10725.03,0.00,4274.97,0.09969823,2.21941448,17580.25,17580.25,17.20,169.95,43.67,116
budgeted_static_50_50_rebalance,"budgeted_static_50_50_rebalance(cash_weight=0.20,rebalance_fraction=0.50,buy_budget_fraction=0.60,sell_budget_fraction=0.35)",BTC-USD+ETH-USD+DAI,7d,2025-07-01,2026-05-05,15000.00,12563.56,49.14,12514.42,0.00,2485.58,0.06574051,2.17438038,12937.12,12937.12,-13.75,84.08,29.49,90
budgeted_drawdown_tilt_rebalance,"budgeted_drawdown_tilt_rebalance(drawdown_window_days=365,deep_drawdown=0.50,medium_drawdown=0.25,deep_buy_budget_fraction=1.00,bull_sell_budget_fraction=0.30)",BTC-USD+ETH-USD+DAI,7d,2025-07-01,2026-05-05,15000.00,13669.83,0.00,13669.83,0.00,1330.17,0.07108316,3.14603621,14507.57,14507.57,-3.28,91.13,20.04,64
budgeted_btc_defensive_eth_aggressive,"budgeted_btc_defensive_eth_aggressive(ma_window_days=200,return_window_days=84,weak_buy_budget_fraction=0.90,strong_buy_budget_fraction=0.65,sell_budget_fraction=0.20)",BTC-USD+ETH-USD+DAI,7d,2025-07-01,2026-05-05,15000.00,12092.14,0.00,12092.14,0.00,2907.86,0.07585302,1.68958024,13033.21,13033.21,-13.11,80.61,29.02,78
static_50_50_rebalance,"static_50_50_rebalance(cash_weight=0.20,rebalance_fraction=0.50)",BTC-USD+ETH-USD+DAI,7d,2025-07-01,2026-05-05,15000.00,14702.62,2272.10,12430.52,0.00,2569.48,0.06581244,2.20986285,13110.60,13110.60,-12.60,113.16,44.84,90
target_50_50_with_cash_band,"target_50_50_with_cash_band(ma_window_days=200,drawdown_window_days=365,bear_cash_weight=0.10,neutral_cash_weight=0.30,bull_cash_weight=0.60)",BTC-USD+ETH-USD+DAI,7d,2025-07-01,2026-05-05,15000.00,18163.75,4433.75,13730.01,0.00,1269.99,0.07318043,2.45740348,12991.56,12991.56,-13.39,150.65,42.81,90
narrow_cash_band_rebalance,"narrow_cash_band_rebalance(ma_window_days=200,drawdown_window_days=365,bear_cash_weight=0.10,neutral_cash_weight=0.20,bull_cash_weight=0.35)",BTC-USD+ETH-USD+DAI,7d,2025-07-01,2026-05-05,15000.00,16485.60,2716.12,13769.48,0.00,1230.52,0.07172966,2.39528309,12688.07,12688.07,-15.41,128.01,46.26,90
drawdown_tilt_rebalance,"drawdown_tilt_rebalance(drawdown_window_days=365,deep_drawdown=0.50,medium_drawdown=0.25,deep_bear_cash_weight=0.05,bull_cash_weight=0.40)",BTC-USD+ETH-USD+DAI,7d,2025-07-01,2026-05-05,15000.00,20247.64,5914.36,14333.28,0.00,666.72,0.06986259,3.12007972,13684.09,13684.09,-8.77,174.41,45.07,90
btc_defensive_eth_aggressive,"btc_defensive_eth_aggressive(ma_window_days=200,return_window_days=84,weak_cash_weight=0.25,neutral_cash_weight=0.15,strong_cash_weight=0.10)",BTC-USD+ETH-USD+DAI,7d,2025-07-01,2026-05-05,15000.00,14665.51,2829.52,11835.99,0.00,3164.01,0.07378922,1.64264578,13011.60,13011.60,-13.26,116.63,43.59,90
budgeted_static_50_50_rebalance,"budgeted_static_50_50_rebalance(cash_weight=0.20,rebalance_fraction=0.50,buy_budget_fraction=0.60,sell_budget_fraction=0.35)",BTC-USD+ETH-USD+DAI,7d,2025-10-01,2026-04-29,15000.00,9300.00,0.00,9300.00,0.00,5700.00,0.05514353,1.71858714,13747.28,13747.28,-8.35,62.00,13.41,62
budgeted_drawdown_tilt_rebalance,"budgeted_drawdown_tilt_rebalance(drawdown_window_days=365,deep_drawdown=0.50,medium_drawdown=0.25,deep_buy_budget_fraction=1.00,bull_sell_budget_fraction=0.30)",BTC-USD+ETH-USD+DAI,7d,2025-10-01,2026-04-29,15000.00,12375.00,0.00,12375.00,0.00,2625.00,0.06830951,2.71418042,13911.57,13911.57,-7.26,82.50,14.74,58
budgeted_btc_defensive_eth_aggressive,"budgeted_btc_defensive_eth_aggressive(ma_window_days=200,return_window_days=84,weak_buy_budget_fraction=0.90,strong_buy_budget_fraction=0.65,sell_budget_fraction=0.20)",BTC-USD+ETH-USD+DAI,7d,2025-10-01,2026-04-29,15000.00,11475.66,0.00,11475.66,0.00,3524.34,0.08097903,1.78034194,13667.80,13667.80,-8.88,76.50,16.38,62
static_50_50_rebalance,"static_50_50_rebalance(cash_weight=0.20,rebalance_fraction=0.50)",BTC-USD+ETH-USD+DAI,7d,2025-10-01,2026-04-29,15000.00,13582.43,584.74,12997.69,0.00,2002.31,0.05300266,1.75238471,9963.53,9963.53,-33.58,94.45,41.45,62
target_50_50_with_cash_band,"target_50_50_with_cash_band(ma_window_days=200,drawdown_window_days=365,bear_cash_weight=0.10,neutral_cash_weight=0.30,bull_cash_weight=0.60)",BTC-USD+ETH-USD+DAI,7d,2025-10-01,2026-04-29,15000.00,15087.74,1115.21,13972.53,0.00,1027.47,0.06119013,2.02307982,10218.48,10218.48,-31.88,108.02,40.28,62
narrow_cash_band_rebalance,"narrow_cash_band_rebalance(ma_window_days=200,drawdown_window_days=365,bear_cash_weight=0.10,neutral_cash_weight=0.20,bull_cash_weight=0.35)",BTC-USD+ETH-USD+DAI,7d,2025-10-01,2026-04-29,15000.00,14417.11,409.26,14007.84,0.00,992.16,0.05950037,1.96005565,9913.23,9913.23,-33.91,98.84,42.18,62
drawdown_tilt_rebalance,"drawdown_tilt_rebalance(drawdown_window_days=365,deep_drawdown=0.50,medium_drawdown=0.25,deep_bear_cash_weight=0.05,bull_cash_weight=0.40)",BTC-USD+ETH-USD+DAI,7d,2025-10-01,2026-04-29,15000.00,15376.41,885.26,14491.15,0.00,508.85,0.05568812,2.39396742,10118.24,10118.24,-32.55,108.41,41.42,62
btc_defensive_eth_aggressive,"btc_defensive_eth_aggressive(ma_window_days=200,return_window_days=84,weak_cash_weight=0.25,neutral_cash_weight=0.15,strong_cash_weight=0.10)",BTC-USD+ETH-USD+DAI,7d,2025-10-01,2026-04-29,15000.00,14232.66,1781.34,12451.32,0.00,2548.68,0.06115006,1.34298768,10205.18,10205.18,-31.97,106.76,39.39,62
budgeted_static_50_50_rebalance,"budgeted_static_50_50_rebalance(cash_weight=0.20,rebalance_fraction=0.50,buy_budget_fraction=0.60,sell_budget_fraction=0.35)",BTC-USD+ETH-USD+DAI,7d,2026-01-01,2026-04-30,15000.00,5400.00,0.00,5400.00,0.00,9600.00,0.03625418,1.18172905,15033.33,15033.33,0.22,36.00,3.78,36
budgeted_drawdown_tilt_rebalance,"budgeted_drawdown_tilt_rebalance(drawdown_window_days=365,deep_drawdown=0.50,medium_drawdown=0.25,deep_buy_budget_fraction=1.00,bull_sell_budget_fraction=0.30)",BTC-USD+ETH-USD+DAI,7d,2026-01-01,2026-04-30,15000.00,8500.00,0.00,8500.00,0.00,6500.00,0.05066221,2.11691890,15143.28,15143.28,0.96,56.67,5.10,36
budgeted_btc_defensive_eth_aggressive,"budgeted_btc_defensive_eth_aggressive(ma_window_days=200,return_window_days=84,weak_buy_budget_fraction=0.90,strong_buy_budget_fraction=0.65,sell_budget_fraction=0.20)",BTC-USD+ETH-USD+DAI,7d,2026-01-01,2026-04-30,15000.00,8100.00,0.00,8100.00,0.00,6900.00,0.06525753,1.41807486,15079.84,15079.84,0.53,54.00,5.50,36
static_50_50_rebalance,"static_50_50_rebalance(cash_weight=0.20,rebalance_fraction=0.50)",BTC-USD+ETH-USD+DAI,7d,2026-01-01,2026-04-30,15000.00,12799.82,356.27,12443.55,0.00,2556.45,0.06741725,2.25191340,12782.90,12782.90,-14.78,87.71,30.83,36
target_50_50_with_cash_band,"target_50_50_with_cash_band(ma_window_days=200,drawdown_window_days=365,bear_cash_weight=0.10,neutral_cash_weight=0.30,bull_cash_weight=0.60)",BTC-USD+ETH-USD+DAI,7d,2026-01-01,2026-04-30,15000.00,14057.74,302.03,13755.71,0.00,1244.29,0.07382153,2.46586048,12442.25,12442.25,-17.05,95.73,34.43,36
narrow_cash_band_rebalance,"narrow_cash_band_rebalance(ma_window_days=200,drawdown_window_days=365,bear_cash_weight=0.10,neutral_cash_weight=0.20,bull_cash_weight=0.35)",BTC-USD+ETH-USD+DAI,7d,2026-01-01,2026-04-30,15000.00,13940.69,199.68,13741.01,0.00,1258.99,0.07525957,2.50612196,12657.55,12657.55,-15.62,94.27,32.50,36
drawdown_tilt_rebalance,"drawdown_tilt_rebalance(drawdown_window_days=365,deep_drawdown=0.50,medium_drawdown=0.25,deep_bear_cash_weight=0.05,bull_cash_weight=0.40)",BTC-USD+ETH-USD+DAI,7d,2026-01-01,2026-04-30,15000.00,14794.06,435.73,14358.33,0.00,641.67,0.06954642,3.05513853,12843.30,12843.30,-14.38,101.53,32.26,36
btc_defensive_eth_aggressive,"btc_defensive_eth_aggressive(ma_window_days=200,return_window_days=84,weak_cash_weight=0.25,neutral_cash_weight=0.15,strong_cash_weight=0.10)",BTC-USD+ETH-USD+DAI,7d,2026-01-01,2026-04-30,15000.00,11986.55,272.17,11714.38,0.00,3285.62,0.07863943,1.74580533,13226.20,13226.20,-11.83,81.72,26.58,36
